{"assets/MelBibleIcon/android/Icon-144.png":["assets/MelBibleIcon/android/Icon-144.png"],"assets/MelBibleIcon/android/Icon-192.png":["assets/MelBibleIcon/android/Icon-192.png"],"assets/MelBibleIcon/android/Icon-36.png":["assets/MelBibleIcon/android/Icon-36.png"],"assets/MelBibleIcon/android/Icon-48.png":["assets/MelBibleIcon/android/Icon-48.png"],"assets/MelBibleIcon/android/Icon-512.png":["assets/MelBibleIcon/android/Icon-512.png"],"assets/MelBibleIcon/android/Icon-72.png":["assets/MelBibleIcon/android/Icon-72.png"],"assets/MelBibleIcon/android/Icon-96.png":["assets/MelBibleIcon/android/Icon-96.png"],"assets/MelBibleIcon/ios/Icon-100.png":["assets/MelBibleIcon/ios/Icon-100.png"],"assets/MelBibleIcon/ios/Icon-1024.png":["assets/MelBibleIcon/ios/Icon-1024.png"],"assets/MelBibleIcon/ios/Icon-114.png":["assets/MelBibleIcon/ios/Icon-114.png"],"assets/MelBibleIcon/ios/Icon-120.png":["assets/MelBibleIcon/ios/Icon-120.png"],"assets/MelBibleIcon/ios/Icon-128.png":["assets/MelBibleIcon/ios/Icon-128.png"],"assets/MelBibleIcon/ios/Icon-144.png":["assets/MelBibleIcon/ios/Icon-144.png"],"assets/MelBibleIcon/ios/Icon-152.png":["assets/MelBibleIcon/ios/Icon-152.png"],"assets/MelBibleIcon/ios/Icon-16.png":["assets/MelBibleIcon/ios/Icon-16.png"],"assets/MelBibleIcon/ios/Icon-167.png":["assets/MelBibleIcon/ios/Icon-167.png"],"assets/MelBibleIcon/ios/Icon-172.png":["assets/MelBibleIcon/ios/Icon-172.png"],"assets/MelBibleIcon/ios/Icon-180.png":["assets/MelBibleIcon/ios/Icon-180.png"],"assets/MelBibleIcon/ios/Icon-196.png":["assets/MelBibleIcon/ios/Icon-196.png"],"assets/MelBibleIcon/ios/Icon-20.png":["assets/MelBibleIcon/ios/Icon-20.png"],"assets/MelBibleIcon/ios/Icon-256.png":["assets/MelBibleIcon/ios/Icon-256.png"],"assets/MelBibleIcon/ios/Icon-29.png":["assets/MelBibleIcon/ios/Icon-29.png"],"assets/MelBibleIcon/ios/Icon-32.png":["assets/MelBibleIcon/ios/Icon-32.png"],"assets/MelBibleIcon/ios/Icon-40.png":["assets/MelBibleIcon/ios/Icon-40.png"],"assets/MelBibleIcon/ios/Icon-48.png":["assets/MelBibleIcon/ios/Icon-48.png"],"assets/MelBibleIcon/ios/Icon-50.png":["assets/MelBibleIcon/ios/Icon-50.png"],"assets/MelBibleIcon/ios/Icon-512.png":["assets/MelBibleIcon/ios/Icon-512.png"],"assets/MelBibleIcon/ios/Icon-55.png":["assets/MelBibleIcon/ios/Icon-55.png"],"assets/MelBibleIcon/ios/Icon-57.png":["assets/MelBibleIcon/ios/Icon-57.png"],"assets/MelBibleIcon/ios/Icon-58.png":["assets/MelBibleIcon/ios/Icon-58.png"],"assets/MelBibleIcon/ios/Icon-60.png":["assets/MelBibleIcon/ios/Icon-60.png"],"assets/MelBibleIcon/ios/Icon-64.png":["assets/MelBibleIcon/ios/Icon-64.png"],"assets/MelBibleIcon/ios/Icon-72.png":["assets/MelBibleIcon/ios/Icon-72.png"],"assets/MelBibleIcon/ios/Icon-76.png":["assets/MelBibleIcon/ios/Icon-76.png"],"assets/MelBibleIcon/ios/Icon-80.png":["assets/MelBibleIcon/ios/Icon-80.png"],"assets/MelBibleIcon/ios/Icon-87.png":["assets/MelBibleIcon/ios/Icon-87.png"],"assets/MelBibleIcon/ios/Icon-88.png":["assets/MelBibleIcon/ios/Icon-88.png"],"assets/bible_simplified.json":["assets/bible_simplified.json"],"assets/bible_traditional.json":["assets/bible_traditional.json"],"assets/chinese_union_simp.json":["assets/chinese_union_simp.json"],"assets/chinese_union_trad.json":["assets/chinese_union_trad.json"],"assets/loading_page.jpg":["assets/loading_page.jpg"],"assets/logo.jpg":["assets/logo.jpg"],"assets/mountain.jpg":["assets/mountain.jpg"],"assets/web.json":["assets/web.json"],"packages/cupertino_icons/assets/CupertinoIcons.ttf":["packages/cupertino_icons/assets/CupertinoIcons.ttf"]}